stats,ID,LIMIT_BAL,SEX,EDUCATION,MARRIAGE,AGE,PAY_0,PAY_2,PAY_3,PAY_4,PAY_5,PAY_6,BILL_AMT1,BILL_AMT2,BILL_AMT3,BILL_AMT4,BILL_AMT5,BILL_AMT6,PAY_AMT1,PAY_AMT2,PAY_AMT3,PAY_AMT4,PAY_AMT5,PAY_AMT6,default payment next month
count,30000.0,30000.0,30000.0,30000.0,30000.0,30000.0,30000.0,30000.0,30000.0,30000.0,30000.0,30000.0,30000.0,30000.0,30000.0,30000.0,30000.0,30000.0,30000.0,30000.0,30000.0,30000.0,30000.0,30000.0,30000.0
mean,15000.5,167484.32266666667,1.6037333333333332,1.8531333333333333,1.5518666666666667,35.4855,-0.0167,-0.13376666666666667,-0.1662,-0.22066666666666668,-0.2662,-0.2911,51223.3309,49179.07516666667,47013.1548,43262.94896666666,40311.40096666667,38871.7604,5663.5805,5921.1635,5225.6815,4826.076866666666,4799.387633333334,5215.502566666667,0.2212
std,8660.398374208891,129747.66156719506,0.4891291960904071,0.7903486597208212,0.5219696006131538,9.217904068090183,1.1238015279973212,1.19718597303439,1.1968675684467378,1.1691386224022984,1.1331874060026166,1.1499876256077741,73635.86057552874,71173.76878252918,69349.38742703729,64332.85613391704,60797.155770264195,59554.10753674454,16563.280354026534,23040.870402054872,17606.96146980426,15666.159744031342,15278.30567914539,17777.465775434066,0.4150618056909671
min,1.0,10000.0,1.0,0.0,0.0,21.0,-2.0,-2.0,-2.0,-2.0,-2.0,-2.0,-165580.0,-69777.0,-157264.0,-170000.0,-81334.0,-339603.0,0.0,0.0,0.0,0.0,0.0,0.0,0.0
25%,7500.75,50000.0,1.0,1.0,1.0,28.0,-1.0,-1.0,-1.0,-1.0,-1.0,-1.0,3558.75,2984.75,2666.25,2326.75,1763.0,1256.0,1000.0,833.0,390.0,296.0,252.5,117.75,0.0
50%,15000.5,140000.0,2.0,2.0,2.0,34.0,0.0,0.0,0.0,0.0,0.0,0.0,22381.5,21200.0,20088.5,19052.0,18104.5,17071.0,2100.0,2009.0,1800.0,1500.0,1500.0,1500.0,0.0
75%,22500.25,240000.0,2.0,2.0,2.0,41.0,0.0,0.0,0.0,0.0,0.0,0.0,67091.0,64006.25,60164.75,54506.0,50190.5,49198.25,5006.0,5000.0,4505.0,4013.25,4031.5,4000.0,0.0
max,30000.0,1000000.0,2.0,6.0,3.0,79.0,8.0,8.0,8.0,8.0,8.0,8.0,964511.0,983931.0,1664089.0,891586.0,927171.0,961664.0,873552.0,1684259.0,896040.0,621000.0,426529.0,528666.0,1.0
